experiment_id,modelo,ruta_experimento,artefactos_disponibles,puede_calcular_purity,puede_calcular_silhouette,puede_calcular_davies_bouldin,requiere_reentrenamiento,motivo
0CC94F0622,AA,resultados\experimentos\AA_0CC94F0622_rrlyrae_interpolacion_50_K3,"alpha,beta,Z,X_hat,config,metricas",True,True,True,False,OK
5B023BC338,AA,resultados\experimentos\AA_5B023BC338_rrlyrae_interpolacion_50_K3,"alpha,beta,Z,X_hat,config,metricas",True,True,True,False,OK
D7BF314E3D,AA,resultados\experimentos\AA_D7BF314E3D_rrlyrae_interpolacion_50_K3,"alpha,beta,Z,X_hat,config,metricas",True,True,True,False,OK
B31A1FAB02,AA,resultados\experimentos\AA_B31A1FAB02_rrlyrae_interpolacion_50_K3,"alpha,beta,Z,X_hat,config,metricas",True,True,True,False,OK
6374DCC13F,AA,resultados\experimentos\AA_6374DCC13F_rrlyrae_interpolacion_50_K3,"alpha,beta,Z,X_hat,config,metricas",True,True,True,False,OK
A46ABF25A3,AA,resultados\experimentos\AA_A46ABF25A3_rrlyrae_interpolacion_50_K3,"alpha,beta,Z,X_hat,config,metricas",True,True,True,False,OK
02A61F747E,AA,resultados\experimentos\AA_02A61F747E_rrlyrae_interpolacion_50_K3,"alpha,beta,Z,X_hat,config,metricas",True,True,True,False,OK
8F3D7FA684,AA,resultados\experimentos\AA_8F3D7FA684_rrlyrae_interpolacion_50_K3,"alpha,beta,Z,X_hat,config,metricas",True,True,True,False,OK
AD58DCC9E1,AA,resultados\experimentos\AA_AD58DCC9E1_rrlyrae_interpolacion_50_K3,"alpha,beta,Z,X_hat,config,metricas",True,True,True,False,OK
3269CB43FA,AA,resultados\experimentos\AA_3269CB43FA_rrlyrae_interpolacion_50_K4,"alpha,beta,Z,X_hat,config,metricas",True,True,True,False,OK
B7D3D7921E,AA,resultados\experimentos\AA_B7D3D7921E_rrlyrae_interpolacion_50_K6,"alpha,beta,Z,X_hat,config,metricas",True,True,True,False,OK
2C54FF0CB9,AA,resultados\experimentos\AA_2C54FF0CB9_rrlyrae_interpolacion_50_K8,"alpha,beta,Z,X_hat,config,metricas",True,True,True,False,OK
551BBD6912,AA,resultados\experimentos\AA_551BBD6912_rrlyrae_interpolacion_50_K10,"alpha,beta,Z,X_hat,config,metricas",True,True,True,False,OK
43B7FF7CCF,AA,resultados\experimentos\AA_43B7FF7CCF_rrlyrae_interpolacion_50_K4,"alpha,beta,Z,X_hat,config,metricas",True,True,True,False,OK
12DBA2423F,AA,resultados\experimentos\AA_12DBA2423F_rrlyrae_interpolacion_50_K6,"alpha,beta,Z,X_hat,config,metricas",True,True,True,False,OK
26E3EBE786,AA,resultados\experimentos\AA_26E3EBE786_rrlyrae_interpolacion_50_K8,"alpha,beta,Z,X_hat,config,metricas",True,True,True,False,OK
5C663E5AC1,AA,resultados\experimentos\AA_5C663E5AC1_rrlyrae_interpolacion_50_K10,"alpha,beta,Z,X_hat,config,metricas",True,True,True,False,OK
AEC2BA1CCD,AA,resultados\experimentos\AA_AEC2BA1CCD_rrlyrae_interpolacion_100_K3,"alpha,beta,Z,X_hat,config,metricas",True,True,True,False,OK
0E50735547,AA,resultados\experimentos\AA_0E50735547_rrlyrae_interpolacion_100_K4,"alpha,beta,Z,X_hat,config,metricas",True,True,True,False,OK
ED20ADC844,AA,resultados\experimentos\AA_ED20ADC844_rrlyrae_interpolacion_100_K6,"alpha,beta,Z,X_hat,config,metricas",True,True,True,False,OK
1B45B0F11D,AA,resultados\experimentos\AA_1B45B0F11D_rrlyrae_interpolacion_100_K8,"alpha,beta,Z,X_hat,config,metricas",True,True,True,False,OK
44CA0F54FD,AA,resultados\experimentos\AA_44CA0F54FD_rrlyrae_interpolacion_100_K10,"alpha,beta,Z,X_hat,config,metricas",True,True,True,False,OK
0382FDFF44,AA,resultados\experimentos\AA_0382FDFF44_rrlyrae_interpolacion_100_K3,"alpha,beta,Z,X_hat,config,metricas",True,True,True,False,OK
B240583B97,AA,resultados\experimentos\AA_B240583B97_rrlyrae_interpolacion_100_K4,"alpha,beta,Z,X_hat,config,metricas",True,True,True,False,OK
CB5A7D2211,AA,resultados\experimentos\AA_CB5A7D2211_rrlyrae_interpolacion_100_K6,"alpha,beta,Z,X_hat,config,metricas",True,True,True,False,OK
DCFD0409E7,AA,resultados\experimentos\AA_DCFD0409E7_rrlyrae_interpolacion_100_K8,"alpha,beta,Z,X_hat,config,metricas",True,True,True,False,OK
CE41FDCF95,AA,resultados\experimentos\AA_CE41FDCF95_rrlyrae_interpolacion_100_K10,"alpha,beta,Z,X_hat,config,metricas",True,True,True,False,OK
12DD0BC3B6,AA,resultados\experimentos\AA_12DD0BC3B6_rrlyrae_percentiles_50_K3,"alpha,beta,Z,X_hat,config,metricas",True,True,True,False,OK
1A9A1DEF24,AA,resultados\experimentos\AA_1A9A1DEF24_rrlyrae_percentiles_50_K4,"alpha,beta,Z,X_hat,config,metricas",True,True,True,False,OK
FF5E9504C0,AA,resultados\experimentos\AA_FF5E9504C0_rrlyrae_percentiles_50_K6,"alpha,beta,Z,X_hat,config,metricas",True,True,True,False,OK
15F7CD4CD1,AA,resultados\experimentos\AA_15F7CD4CD1_rrlyrae_percentiles_50_K8,"alpha,beta,Z,X_hat,config,metricas",True,True,True,False,OK
CA87368902,AA,resultados\experimentos\AA_CA87368902_rrlyrae_percentiles_50_K10,"alpha,beta,Z,X_hat,config,metricas",True,True,True,False,OK
C532DA2030,AA,resultados\experimentos\AA_C532DA2030_rrlyrae_percentiles_50_K3,"alpha,beta,Z,X_hat,config,metricas",True,True,True,False,OK
992965CD69,AA,resultados\experimentos\AA_992965CD69_rrlyrae_percentiles_50_K4,"alpha,beta,Z,X_hat,config,metricas",True,True,True,False,OK
2BE5F899AA,AA,resultados\experimentos\AA_2BE5F899AA_rrlyrae_percentiles_50_K6,"alpha,beta,Z,X_hat,config,metricas",True,True,True,False,OK
4694C3F4EC,AA,resultados\experimentos\AA_4694C3F4EC_rrlyrae_percentiles_50_K8,"alpha,beta,Z,X_hat,config,metricas",True,True,True,False,OK
13B6159A6E,AA,resultados\experimentos\AA_13B6159A6E_rrlyrae_percentiles_50_K10,"alpha,beta,Z,X_hat,config,metricas",True,True,True,False,OK
DD90FF2C11,AA,resultados\experimentos\AA_DD90FF2C11_rrlyrae_percentiles_100_K3,"alpha,beta,Z,X_hat,config,metricas",True,True,True,False,OK
DCE2B2FA5E,AA,resultados\experimentos\AA_DCE2B2FA5E_rrlyrae_percentiles_100_K4,"alpha,beta,Z,X_hat,config,metricas",True,True,True,False,OK
6FD47D54C3,AA,resultados\experimentos\AA_6FD47D54C3_rrlyrae_percentiles_100_K6,"alpha,beta,Z,X_hat,config,metricas",True,True,True,False,OK
4353D6ACC8,AA,resultados\experimentos\AA_4353D6ACC8_rrlyrae_percentiles_100_K8,"alpha,beta,Z,X_hat,config,metricas",True,True,True,False,OK
62E644FCFE,AA,resultados\experimentos\AA_62E644FCFE_rrlyrae_percentiles_100_K10,"alpha,beta,Z,X_hat,config,metricas",True,True,True,False,OK
952CFD05CE,AA,resultados\experimentos\AA_952CFD05CE_rrlyrae_percentiles_100_K3,"alpha,beta,Z,X_hat,config,metricas",True,True,True,False,OK
E5B94732CF,AA,resultados\experimentos\AA_E5B94732CF_rrlyrae_percentiles_100_K4,"alpha,beta,Z,X_hat,config,metricas",True,True,True,False,OK
6AB844BEA5,AA,resultados\experimentos\AA_6AB844BEA5_rrlyrae_percentiles_100_K6,"alpha,beta,Z,X_hat,config,metricas",True,True,True,False,OK
E79FB8B8A9,AA,resultados\experimentos\AA_E79FB8B8A9_rrlyrae_percentiles_100_K8,"alpha,beta,Z,X_hat,config,metricas",True,True,True,False,OK
96431B1718,AA,resultados\experimentos\AA_96431B1718_rrlyrae_percentiles_100_K10,"alpha,beta,Z,X_hat,config,metricas",True,True,True,False,OK
A5921DB217,AA,resultados\experimentos\AA_A5921DB217_rrlyrae_interpolacion_50_K4,"alpha,beta,Z,X_hat,config,metricas",True,True,True,False,OK
7E3B509073,AA,resultados\experimentos\AA_7E3B509073_rrlyrae_interpolacion_50_K3,"alpha,beta,Z,X_hat,config,metricas",True,True,True,False,OK
A224BC5787,AA,resultados\experimentos\AA_A224BC5787_rrlyrae_interpolacion_50_K4,"alpha,beta,Z,X_hat,config,metricas",True,True,True,False,OK
A8340928F6,AA,resultados\experimentos\AA_A8340928F6_rrlyrae_interpolacion_50_K6,"alpha,beta,Z,X_hat,config,metricas",True,True,True,False,OK
8B591E7475,AA,resultados\experimentos\AA_8B591E7475_rrlyrae_interpolacion_50_K8,"alpha,beta,Z,X_hat,config,metricas",True,True,True,False,OK
93D0C5A461,AA,resultados\experimentos\AA_93D0C5A461_rrlyrae_interpolacion_50_K10,"alpha,beta,Z,X_hat,config,metricas",True,True,True,False,OK
67C8AE7841,AA,resultados\experimentos\AA_67C8AE7841_rrlyrae_interpolacion_50_K3,"alpha,beta,Z,X_hat,config,metricas",True,True,True,False,OK
2ECEE51D13,AA,resultados\experimentos\AA_2ECEE51D13_rrlyrae_interpolacion_50_K4,"alpha,beta,Z,X_hat,config,metricas",True,True,True,False,OK
B10EE10BCE,AA,resultados\experimentos\AA_B10EE10BCE_rrlyrae_interpolacion_50_K6,"alpha,beta,Z,X_hat,config,metricas",True,True,True,False,OK
AE193C10F6,AA,resultados\experimentos\AA_AE193C10F6_rrlyrae_interpolacion_50_K8,"alpha,beta,Z,X_hat,config,metricas",True,True,True,False,OK
17F3E583C7,AA,resultados\experimentos\AA_17F3E583C7_rrlyrae_interpolacion_50_K10,"alpha,beta,Z,X_hat,config,metricas",True,True,True,False,OK
75CE0E8EAC,AA,resultados\experimentos\AA_75CE0E8EAC_rrlyrae_interpolacion_50_K3,"alpha,beta,Z,X_hat,config,metricas",True,True,True,False,OK
974B35B872,AA,resultados\experimentos\AA_974B35B872_rrlyrae_interpolacion_50_K4,"alpha,beta,Z,X_hat,config,metricas",True,True,True,False,OK
0B0764A136,AA,resultados\experimentos\AA_0B0764A136_rrlyrae_interpolacion_50_K6,"alpha,beta,Z,X_hat,config,metricas",True,True,True,False,OK
94F4D1EF0F,AA,resultados\experimentos\AA_94F4D1EF0F_rrlyrae_interpolacion_50_K8,"alpha,beta,Z,X_hat,config,metricas",True,True,True,False,OK
C5CD6B2D56,AA,resultados\experimentos\AA_C5CD6B2D56_rrlyrae_interpolacion_50_K10,"alpha,beta,Z,X_hat,config,metricas",True,True,True,False,OK
4D0E74FDF2,AA,resultados\experimentos\AA_4D0E74FDF2_rrlyrae_interpolacion_100_K3,"alpha,beta,Z,X_hat,config,metricas",True,True,True,False,OK
11E6C6F669,AA,resultados\experimentos\AA_11E6C6F669_rrlyrae_interpolacion_100_K4,"alpha,beta,Z,X_hat,config,metricas",True,True,True,False,OK
121E19A161,AA,resultados\experimentos\AA_121E19A161_rrlyrae_interpolacion_100_K6,"alpha,beta,Z,X_hat,config,metricas",True,True,True,False,OK
43F0825092,AA,resultados\experimentos\AA_43F0825092_rrlyrae_interpolacion_100_K8,"alpha,beta,Z,X_hat,config,metricas",True,True,True,False,OK
73E569F2AF,AA,resultados\experimentos\AA_73E569F2AF_rrlyrae_interpolacion_100_K10,"alpha,beta,Z,X_hat,config,metricas",True,True,True,False,OK
7FD3B2AA37,AA,resultados\experimentos\AA_7FD3B2AA37_rrlyrae_interpolacion_100_K3,"alpha,beta,Z,X_hat,config,metricas",True,True,True,False,OK
D57F5EAD89,AA,resultados\experimentos\AA_D57F5EAD89_rrlyrae_interpolacion_100_K4,"alpha,beta,Z,X_hat,config,metricas",True,True,True,False,OK
D836880BA0,AA,resultados\experimentos\AA_D836880BA0_rrlyrae_interpolacion_100_K6,"alpha,beta,Z,X_hat,config,metricas",True,True,True,False,OK
797C0C17CF,AA,resultados\experimentos\AA_797C0C17CF_rrlyrae_interpolacion_100_K8,"alpha,beta,Z,X_hat,config,metricas",True,True,True,False,OK
31CC3FBF34,AA,resultados\experimentos\AA_31CC3FBF34_rrlyrae_interpolacion_100_K10,"alpha,beta,Z,X_hat,config,metricas",True,True,True,False,OK
3C26F0D4D3,AA,resultados\experimentos\AA_3C26F0D4D3_rrlyrae_interpolacion_100_K3,"alpha,beta,Z,X_hat,config,metricas",True,True,True,False,OK
DC234BC04B,AA,resultados\experimentos\AA_DC234BC04B_rrlyrae_interpolacion_100_K4,"alpha,beta,Z,X_hat,config,metricas",True,True,True,False,OK
CBD1F43C3E,AA,resultados\experimentos\AA_CBD1F43C3E_rrlyrae_interpolacion_100_K6,"alpha,beta,Z,X_hat,config,metricas",True,True,True,False,OK
826034E99D,AA,resultados\experimentos\AA_826034E99D_rrlyrae_interpolacion_100_K8,"alpha,beta,Z,X_hat,config,metricas",True,True,True,False,OK
5FC93DA648,AA,resultados\experimentos\AA_5FC93DA648_rrlyrae_interpolacion_100_K10,"alpha,beta,Z,X_hat,config,metricas",True,True,True,False,OK
B49A28D815,AA,resultados\experimentos\AA_B49A28D815_rrlyrae_percentiles_50_K3,"alpha,beta,Z,X_hat,config,metricas",True,True,True,False,OK
3738C03D51,AA,resultados\experimentos\AA_3738C03D51_rrlyrae_percentiles_50_K4,"alpha,beta,Z,X_hat,config,metricas",True,True,True,False,OK
DC72B00BFA,AA,resultados\experimentos\AA_DC72B00BFA_rrlyrae_percentiles_50_K6,"alpha,beta,Z,X_hat,config,metricas",True,True,True,False,OK
869EB575F1,AA,resultados\experimentos\AA_869EB575F1_rrlyrae_percentiles_50_K8,"alpha,beta,Z,X_hat,config,metricas",True,True,True,False,OK
FF68520B66,AA,resultados\experimentos\AA_FF68520B66_rrlyrae_percentiles_50_K10,"alpha,beta,Z,X_hat,config,metricas",True,True,True,False,OK
A5FE0B47A5,AA,resultados\experimentos\AA_A5FE0B47A5_rrlyrae_percentiles_50_K3,"alpha,beta,Z,X_hat,config,metricas",True,True,True,False,OK
04ED5E1065,AA,resultados\experimentos\AA_04ED5E1065_rrlyrae_percentiles_50_K4,"alpha,beta,Z,X_hat,config,metricas",True,True,True,False,OK
68A6704FB5,AA,resultados\experimentos\AA_68A6704FB5_rrlyrae_percentiles_50_K6,"alpha,beta,Z,X_hat,config,metricas",True,True,True,False,OK
858C6A101F,AA,resultados\experimentos\AA_858C6A101F_rrlyrae_percentiles_50_K8,"alpha,beta,Z,X_hat,config,metricas",True,True,True,False,OK
094A37D07F,AA,resultados\experimentos\AA_094A37D07F_rrlyrae_percentiles_50_K10,"alpha,beta,Z,X_hat,config,metricas",True,True,True,False,OK
D9CDFAB48F,AA,resultados\experimentos\AA_D9CDFAB48F_rrlyrae_percentiles_50_K3,"alpha,beta,Z,X_hat,config,metricas",True,True,True,False,OK
B7522AB659,AA,resultados\experimentos\AA_B7522AB659_rrlyrae_percentiles_50_K4,"alpha,beta,Z,X_hat,config,metricas",True,True,True,False,OK
E7EEDD570A,AA,resultados\experimentos\AA_E7EEDD570A_rrlyrae_percentiles_50_K6,"alpha,beta,Z,X_hat,config,metricas",True,True,True,False,OK
D56D2F00B9,AA,resultados\experimentos\AA_D56D2F00B9_rrlyrae_percentiles_50_K8,"alpha,beta,Z,X_hat,config,metricas",True,True,True,False,OK
58B4F6DAC6,AA,resultados\experimentos\AA_58B4F6DAC6_rrlyrae_percentiles_50_K10,"alpha,beta,Z,X_hat,config,metricas",True,True,True,False,OK
A1BA2B3A60,AA,resultados\experimentos\AA_A1BA2B3A60_rrlyrae_percentiles_100_K3,"alpha,beta,Z,X_hat,config,metricas",True,True,True,False,OK
133BD67046,AA,resultados\experimentos\AA_133BD67046_rrlyrae_percentiles_100_K4,"alpha,beta,Z,X_hat,config,metricas",True,True,True,False,OK
D257149130,AA,resultados\experimentos\AA_D257149130_rrlyrae_percentiles_100_K6,"alpha,beta,Z,X_hat,config,metricas",True,True,True,False,OK
2228511C11,AA,resultados\experimentos\AA_2228511C11_rrlyrae_percentiles_100_K8,"alpha,beta,Z,X_hat,config,metricas",True,True,True,False,OK
6C5343FEF6,AA,resultados\experimentos\AA_6C5343FEF6_rrlyrae_percentiles_100_K10,"alpha,beta,Z,X_hat,config,metricas",True,True,True,False,OK
E66CE911A5,AA,resultados\experimentos\AA_E66CE911A5_rrlyrae_percentiles_100_K3,"alpha,beta,Z,X_hat,config,metricas",True,True,True,False,OK
807F68C2DD,AA,resultados\experimentos\AA_807F68C2DD_rrlyrae_percentiles_100_K4,"alpha,beta,Z,X_hat,config,metricas",True,True,True,False,OK
E926337EBD,AA,resultados\experimentos\AA_E926337EBD_rrlyrae_percentiles_100_K6,"alpha,beta,Z,X_hat,config,metricas",True,True,True,False,OK
475C29A2AB,AA,resultados\experimentos\AA_475C29A2AB_rrlyrae_percentiles_100_K8,"alpha,beta,Z,X_hat,config,metricas",True,True,True,False,OK
2C0F08E6F7,AA,resultados\experimentos\AA_2C0F08E6F7_rrlyrae_percentiles_100_K10,"alpha,beta,Z,X_hat,config,metricas",True,True,True,False,OK
5364141478,AA,resultados\experimentos\AA_5364141478_rrlyrae_percentiles_100_K3,"alpha,beta,Z,X_hat,config,metricas",True,True,True,False,OK
18CF736C44,AA,resultados\experimentos\AA_18CF736C44_rrlyrae_percentiles_100_K4,"alpha,beta,Z,X_hat,config,metricas",True,True,True,False,OK
CF13F398EC,AA,resultados\experimentos\AA_CF13F398EC_rrlyrae_percentiles_100_K6,"alpha,beta,Z,X_hat,config,metricas",True,True,True,False,OK
C9DAC0ED18,AA,resultados\experimentos\AA_C9DAC0ED18_rrlyrae_percentiles_100_K8,"alpha,beta,Z,X_hat,config,metricas",True,True,True,False,OK
EB77060172,AA,resultados\experimentos\AA_EB77060172_rrlyrae_percentiles_100_K10,"alpha,beta,Z,X_hat,config,metricas",True,True,True,False,OK
2ECEE51D13,AA,resultados\experimentos\AA_2ECEE51D13_rrlyrae_interpolacion_50_K4_new_20260705_002526,"alpha,beta,Z,X_hat,config,metricas",True,True,True,False,OK
1C81EFFA74,AA,resultados\experimentos\AA_1C81EFFA74_rrlyrae_percentiles_50_K6,"alpha,beta,Z,X_hat,config,metricas",True,True,True,False,OK
B3A54AF9EE,AA,resultados\experimentos\AA_B3A54AF9EE_rrlyrae_percentiles_50_K6,"alpha,beta,Z,X_hat,config,metricas",True,True,True,False,OK
6A36935464,AA,resultados\experimento_final,"alpha,beta,Z,ids,X_hat,config,metricas",True,True,True,False,OK
0A76EB037A,KMEANS,resultados\baselines\kmeans,"labels,ids,X_hat,config,metricas",True,True,True,False,OK
9E840A67C6,ADA,resultados\baselines\ada,"asignaciones,ids,X_hat,config,metricas",True,True,True,False,OK
