dataset,discretizacion,n_puntos,optimizacion,K,error_rel,error_fro,convergio,iteraciones_reales,tiempo_segundos,ruta_experimento
rrlyrae,interpolacion,50,alternating,3,0.286210565978207,39.07514819120411,True,47,3.295996799999557,resultados\experimentos\AA_0CC94F0622_rrlyrae_interpolacion_50_K3
rrlyrae,interpolacion,50,alternating,4,0.2923411711479264,39.91213443135146,True,49,3.196545399994648,resultados\experimentos\AA_3269CB43FA_rrlyrae_interpolacion_50_K4
rrlyrae,interpolacion,50,alternating,6,0.2608804146923802,35.61692710206841,True,47,3.569840199997998,resultados\experimentos\AA_B7D3D7921E_rrlyrae_interpolacion_50_K6
rrlyrae,interpolacion,50,alternating,8,0.2638317207972869,36.01985675287527,False,100,6.855437999998685,resultados\experimentos\AA_2C54FF0CB9_rrlyrae_interpolacion_50_K8
rrlyrae,interpolacion,50,alternating,10,0.2707313632630578,36.961836483409925,False,100,5.0915846999996575,resultados\experimentos\AA_551BBD6912_rrlyrae_interpolacion_50_K10
rrlyrae,interpolacion,50,nnls,3,0.2787361973833263,38.0547034725319,True,30,1.445511500001885,resultados\experimentos\AA_02A61F747E_rrlyrae_interpolacion_50_K3
rrlyrae,interpolacion,50,nnls,4,0.2710918228336925,37.011048541991165,True,86,3.049871600000188,resultados\experimentos\AA_43B7FF7CCF_rrlyrae_interpolacion_50_K4
rrlyrae,interpolacion,50,nnls,6,0.2358910748692819,32.20523559637369,True,67,1.6715804999985266,resultados\experimentos\AA_12DBA2423F_rrlyrae_interpolacion_50_K6
rrlyrae,interpolacion,50,nnls,8,0.2197723266776242,30.00460938226779,True,49,1.5618485000013609,resultados\experimentos\AA_26E3EBE786_rrlyrae_interpolacion_50_K8
rrlyrae,interpolacion,50,nnls,10,0.2161656061436326,29.51219870250025,True,66,2.6867090000014286,resultados\experimentos\AA_5C663E5AC1_rrlyrae_interpolacion_50_K10
rrlyrae,interpolacion,100,alternating,3,0.2806001727844764,53.182363144295934,True,34,1.8752804999967336,resultados\experimentos\AA_AEC2BA1CCD_rrlyrae_interpolacion_100_K3
rrlyrae,interpolacion,100,alternating,4,0.2635377258699994,49.94850466540982,True,84,6.072795000000042,resultados\experimentos\AA_0E50735547_rrlyrae_interpolacion_100_K4
rrlyrae,interpolacion,100,alternating,6,0.2592168454100849,49.129564921210985,True,48,2.955937100006849,resultados\experimentos\AA_ED20ADC844_rrlyrae_interpolacion_100_K6
rrlyrae,interpolacion,100,alternating,8,0.2604757295950199,49.368162193676845,False,100,6.843682799997623,resultados\experimentos\AA_1B45B0F11D_rrlyrae_interpolacion_100_K8
rrlyrae,interpolacion,100,alternating,10,0.2648737748603161,50.20172704184849,False,100,7.277803100005258,resultados\experimentos\AA_44CA0F54FD_rrlyrae_interpolacion_100_K10
rrlyrae,interpolacion,100,nnls,3,0.2756855447615715,52.25088997505444,True,19,1.1113447999960044,resultados\experimentos\AA_0382FDFF44_rrlyrae_interpolacion_100_K3
rrlyrae,interpolacion,100,nnls,4,0.2637792865434999,49.99428784270441,True,49,2.250684900005581,resultados\experimentos\AA_B240583B97_rrlyrae_interpolacion_100_K4
rrlyrae,interpolacion,100,nnls,6,0.2292919537390073,43.457877551555136,True,44,2.497602300005383,resultados\experimentos\AA_CB5A7D2211_rrlyrae_interpolacion_100_K6
rrlyrae,interpolacion,100,nnls,8,0.221146067902976,41.91398164313551,True,52,1.8179583000019195,resultados\experimentos\AA_DCFD0409E7_rrlyrae_interpolacion_100_K8
rrlyrae,interpolacion,100,nnls,10,0.22395705636595,42.44675041426215,False,100,4.050235100003192,resultados\experimentos\AA_CE41FDCF95_rrlyrae_interpolacion_100_K10
rrlyrae,percentiles,50,alternating,3,0.1534519667418288,20.76026869189136,True,28,1.2643953999941004,resultados\experimentos\AA_12DD0BC3B6_rrlyrae_percentiles_50_K3
rrlyrae,percentiles,50,alternating,4,0.1571837495376262,21.26513555795684,False,100,3.669161300000269,resultados\experimentos\AA_1A9A1DEF24_rrlyrae_percentiles_50_K4
rrlyrae,percentiles,50,alternating,6,0.1611469455935651,21.801309950158405,False,100,5.01674359999015,resultados\experimentos\AA_FF5E9504C0_rrlyrae_percentiles_50_K6
rrlyrae,percentiles,50,alternating,8,0.1727836919226377,23.375626562843927,False,100,4.797842799991486,resultados\experimentos\AA_15F7CD4CD1_rrlyrae_percentiles_50_K8
rrlyrae,percentiles,50,alternating,10,0.1830840139852553,24.76914049540057,False,100,6.810159600005136,resultados\experimentos\AA_CA87368902_rrlyrae_percentiles_50_K10
rrlyrae,percentiles,50,nnls,3,0.1436387105981005,19.432649120687643,True,37,1.0120390000083717,resultados\experimentos\AA_C532DA2030_rrlyrae_percentiles_50_K3
rrlyrae,percentiles,50,nnls,4,0.1353159982420705,18.30668281067482,True,80,2.476201099998434,resultados\experimentos\AA_992965CD69_rrlyrae_percentiles_50_K4
rrlyrae,percentiles,50,nnls,6,0.1283000093817465,17.357501011495316,True,66,2.572222499991767,resultados\experimentos\AA_2BE5F899AA_rrlyrae_percentiles_50_K6
rrlyrae,percentiles,50,nnls,8,0.1231280420842087,16.657793910685037,True,48,2.0530731000035303,resultados\experimentos\AA_4694C3F4EC_rrlyrae_percentiles_50_K8
rrlyrae,percentiles,50,nnls,10,0.1192003216094845,16.12641895255822,True,87,3.006652700001723,resultados\experimentos\AA_13B6159A6E_rrlyrae_percentiles_50_K10
rrlyrae,percentiles,100,alternating,3,0.1755044239216776,32.70835090330933,True,39,1.6802119000058156,resultados\experimentos\AA_DD90FF2C11_rrlyrae_percentiles_100_K3
rrlyrae,percentiles,100,alternating,4,0.1733069006097961,32.29880359961687,True,38,1.414786200009985,resultados\experimentos\AA_DCE2B2FA5E_rrlyrae_percentiles_100_K4
rrlyrae,percentiles,100,alternating,6,0.1789794626843768,33.35598578745157,False,100,5.832673800003249,resultados\experimentos\AA_6FD47D54C3_rrlyrae_percentiles_100_K6
rrlyrae,percentiles,100,alternating,8,0.18775769231139,34.99196400688555,False,100,7.826148499996634,resultados\experimentos\AA_4353D6ACC8_rrlyrae_percentiles_100_K8
rrlyrae,percentiles,100,alternating,10,0.1934758995546097,36.05765297853532,False,100,6.461370599994552,resultados\experimentos\AA_62E644FCFE_rrlyrae_percentiles_100_K10
rrlyrae,percentiles,100,nnls,3,0.16721683192093,31.163811676053804,True,37,1.427361199996085,resultados\experimentos\AA_952CFD05CE_rrlyrae_percentiles_100_K3
rrlyrae,percentiles,100,nnls,4,0.1611986840893527,30.04222347522836,True,42,1.8317392000026305,resultados\experimentos\AA_E5B94732CF_rrlyrae_percentiles_100_K4
rrlyrae,percentiles,100,nnls,6,0.1513966651618871,28.215444027301167,True,69,3.0641400999884354,resultados\experimentos\AA_6AB844BEA5_rrlyrae_percentiles_100_K6
rrlyrae,percentiles,100,nnls,8,0.1465863799309637,27.318962367395745,True,46,2.029420500010019,resultados\experimentos\AA_E79FB8B8A9_rrlyrae_percentiles_100_K8
rrlyrae,percentiles,100,nnls,10,0.1500278515784681,27.96034142642504,False,100,4.10545390000334,resultados\experimentos\AA_96431B1718_rrlyrae_percentiles_100_K10
