experiment_id,fecha,modelo,dataset,discretizacion,n_puntos,n_muestras,normalizacion,inicializacion,optimizacion,K,max_iter,seed,n_estrellas,n_variables,error_fro,error_rel,error_per_sample_mean,error_per_sample_std,error_per_sample_min,error_per_sample_max,tiempo_segundos,estado,convergio,iteraciones_reales,tiempo_por_iteracion,version_algoritmo,loss_final,purity,mean_activation,silhouette,davies_bouldin,ruta_experimento,suavizado,experimento_final,estado_metricas
0CC94F0622,2026-07-04T15:38:50,AA,rrlyrae,interpolacion,50,1000.0,minmax,random,alternating,3,100.0,42,1000,50,39.07514819120411,0.286210565978207,1.0804686916717798,0.5995453381368535,0.3963213295382696,4.194479757031547,3.295996799999557,OK,True,47.0,0.0701275914893522,AA_alternating_v1,39.07514819120411,0.834,,0.2404055345410082,1.5423419120384658,resultados\experimentos\AA_0CC94F0622_rrlyrae_interpolacion_50_K3,none,False,OK_full
5B023BC338,2026-07-04T15:39:14,AA,rrlyrae,interpolacion,50,1000.0,minmax,pca,alternating,3,100.0,42,1000,50,39.07514764664485,0.286210561989518,1.0804686815470876,0.5995453208915839,0.3963213269840888,4.194479568546326,2.571512399998028,OK,True,48.0,0.0535731749999589,AA_alternating_v1,39.07514764664485,0.834,,0.2404055345410082,1.5423419120384658,resultados\experimentos\AA_5B023BC338_rrlyrae_interpolacion_50_K3,none,False,OK_full
D7BF314E3D,2026-07-04T15:39:45,AA,rrlyrae,interpolacion,50,1000.0,minmax,furthest_sum,alternating,3,100.0,42,1000,50,39.075148176752606,0.2862105658723552,1.0804686914027544,0.5995453376798058,0.396321329468898,4.194479752068238,4.401380800001789,OK,True,44.0,0.1000313818182224,AA_alternating_v1,39.075148176752606,0.834,,0.2404055345410082,1.5423419120384658,resultados\experimentos\AA_D7BF314E3D_rrlyrae_interpolacion_50_K3,none,False,OK_full
B31A1FAB02,2026-07-04T15:55:17,AA,rrlyrae,interpolacion,50,1000.0,minmax,random,pgd,3,100.0,42,1000,50,132.9094200327762,0.9735108398124775,4.0685865887515416,1.0542851147958168,0.0509981178775476,6.823815030638069,17.85108350000519,OK,False,100.0,0.1785108350000518,AA_alternating_v1,132.9094200327762,0.685,,0.21947455897659013,3.1109457105628198,resultados\experimentos\AA_B31A1FAB02_rrlyrae_interpolacion_50_K3,none,False,OK_full
6374DCC13F,2026-07-04T15:56:01,AA,rrlyrae,interpolacion,50,1000.0,minmax,pca,pgd,3,100.0,42,1000,50,38.30957369845093,0.2806030246376808,1.1220168085959068,0.4568388317397068,0.3834681127147044,3.3069141027804823,22.300238000003446,OK,False,100.0,0.2230023800000344,AA_alternating_v1,38.30957369845093,0.781,,0.24438505825103787,1.6988305595369824,resultados\experimentos\AA_6374DCC13F_rrlyrae_interpolacion_50_K3,none,False,OK_full
A46ABF25A3,2026-07-04T15:56:44,AA,rrlyrae,interpolacion,50,1000.0,minmax,furthest_sum,pgd,3,100.0,42,1000,50,62.14262571950338,0.4551710460961113,1.816763047714912,0.7490513732528035,4.715480217882641e-06,4.699499175637852,18.47876140000153,OK,False,100.0,0.1847876140000153,AA_alternating_v1,62.14262571950338,0.685,,0.4680706659374629,0.8594062966062537,resultados\experimentos\AA_A46ABF25A3_rrlyrae_interpolacion_50_K3,none,False,OK_full
02A61F747E,2026-07-04T15:57:11,AA,rrlyrae,interpolacion,50,1000.0,minmax,random,nnls,3,100.0,42,1000,50,38.0547034725319,0.2787361973833263,1.0583470827508985,0.5727668887208777,0.371589332662412,4.304520574539656,1.445511500001885,OK,True,30.0,0.0481837166667295,AA_alternating_v1,38.0547034725319,0.84,,0.24383867597929976,1.5208648439611787,resultados\experimentos\AA_02A61F747E_rrlyrae_interpolacion_50_K3,none,False,OK_full
8F3D7FA684,2026-07-04T15:57:39,AA,rrlyrae,interpolacion,50,1000.0,minmax,pca,nnls,3,100.0,42,1000,50,38.05470363630568,0.2787361985829068,1.058347085428935,0.5727668946536059,0.3715893320223704,4.304520549505509,1.2079147999975248,OK,True,32.0,0.0377473374999226,AA_alternating_v1,38.05470363630568,0.84,,0.24383867597929976,1.5208648439611787,resultados\experimentos\AA_8F3D7FA684_rrlyrae_interpolacion_50_K3,none,False,OK_full
AD58DCC9E1,2026-07-04T15:58:44,AA,rrlyrae,interpolacion,50,1000.0,minmax,furthest_sum,nnls,3,100.0,42,1000,50,38.0547038020598,0.2787361997969926,1.05834708814201,0.5727669006531654,0.3715893313833433,4.304520524192898,0.8931384000024991,OK,True,28.0,0.0318978000000892,AA_alternating_v1,38.0547038020598,0.84,,0.24383867597929976,1.5208648439611787,resultados\experimentos\AA_AD58DCC9E1_rrlyrae_interpolacion_50_K3,none,False,OK_full
3269CB43FA,2026-07-04T16:31:32,AA,rrlyrae,interpolacion,50,1000.0,minmax,random,alternating,4,100.0,42,1000,50,39.91213443135146,0.2923411711479264,1.0921306064313925,0.6326367151549696,0.349052137187827,4.2983927219881926,3.196545399994648,OK,True,49.0,0.065235620408054,AA_alternating_v1,39.91213443135146,0.837,,0.2034219380263973,2.1768512740547292,resultados\experimentos\AA_3269CB43FA_rrlyrae_interpolacion_50_K4,none,False,OK_full
B7D3D7921E,2026-07-04T16:32:00,AA,rrlyrae,interpolacion,50,1000.0,minmax,random,alternating,6,100.0,42,1000,50,35.61692710206841,0.2608804146923802,0.9959206287091874,0.5260300347941669,0.3380587710270211,3.358009901178168,3.569840199997998,OK,True,47.0,0.075954046808468,AA_alternating_v1,35.61692710206841,0.812,,0.14441092840972464,1.9236476556667388,resultados\experimentos\AA_B7D3D7921E_rrlyrae_interpolacion_50_K6,none,False,OK_full
2C54FF0CB9,2026-07-04T16:32:30,AA,rrlyrae,interpolacion,50,1000.0,minmax,random,alternating,8,100.0,42,1000,50,36.01985675287527,0.2638317207972869,1.020908458259962,0.5051494831739626,0.3261761876807133,3.2687912969056296,6.855437999998685,OK,False,100.0,0.0685543799999868,AA_alternating_v1,36.01985675287527,0.807,,0.06918134909611252,2.537338177468429,resultados\experimentos\AA_2C54FF0CB9_rrlyrae_interpolacion_50_K8,none,False,OK_full
551BBD6912,2026-07-04T16:32:54,AA,rrlyrae,interpolacion,50,1000.0,minmax,random,alternating,10,100.0,42,1000,50,36.961836483409925,0.2707313632630578,1.0608741616142945,0.4906356789365212,0.3205971912335274,3.21284573141514,5.0915846999996575,OK,False,100.0,0.0509158469999965,AA_alternating_v1,36.961836483409925,0.788,,0.05037734814128369,3.622979468536174,resultados\experimentos\AA_551BBD6912_rrlyrae_interpolacion_50_K10,none,False,OK_full
43B7FF7CCF,2026-07-04T16:33:17,AA,rrlyrae,interpolacion,50,1000.0,minmax,random,nnls,4,100.0,42,1000,50,37.011048541991165,0.2710918228336925,1.0240897553673258,0.5666197023836331,0.3388913312385115,4.552298487411576,3.049871600000188,OK,True,86.0,0.0354636232558161,AA_alternating_v1,37.011048541991165,0.849,,0.24082285704400372,1.7688677854242107,resultados\experimentos\AA_43B7FF7CCF_rrlyrae_interpolacion_50_K4,none,False,OK_full
12DBA2423F,2026-07-04T16:33:40,AA,rrlyrae,interpolacion,50,1000.0,minmax,random,nnls,6,100.0,42,1000,50,32.20523559637369,0.2358910748692819,0.905638133009502,0.4658291230236668,0.28733352588205,3.1297879648333,1.6715804999985266,OK,True,67.0,0.0249489626865451,AA_alternating_v1,32.20523559637369,0.838,,0.14634749753315293,1.9183902189958097,resultados\experimentos\AA_12DBA2423F_rrlyrae_interpolacion_50_K6,none,False,OK_full
26E3EBE786,2026-07-04T16:33:59,AA,rrlyrae,interpolacion,50,1000.0,minmax,random,nnls,8,100.0,42,1000,50,30.00460938226779,0.2197723266776242,0.8498455610405511,0.4219468053702306,0.2826160108396372,2.8664115742276146,1.5618485000013609,OK,True,49.0,0.0318744591837012,AA_alternating_v1,30.00460938226779,0.849,,0.12969398102748994,2.231876199136044,resultados\experimentos\AA_26E3EBE786_rrlyrae_interpolacion_50_K8,none,False,OK_full
5C663E5AC1,2026-07-04T16:34:22,AA,rrlyrae,interpolacion,50,1000.0,minmax,random,nnls,10,100.0,42,1000,50,29.51219870250025,0.2161656061436326,0.8308102902678302,0.4251166120500833,0.2226790444963405,2.853988622817589,2.6867090000014286,OK,True,66.0,0.0407077121212337,AA_alternating_v1,29.51219870250025,0.841,,0.07810003153910167,2.1791016961814056,resultados\experimentos\AA_5C663E5AC1_rrlyrae_interpolacion_50_K10,none,False,OK_full
AEC2BA1CCD,2026-07-04T19:31:24,AA,rrlyrae,interpolacion,100,1000.0,minmax,random,alternating,3,100.0,42,1000,100,53.182363144295934,0.2806001727844764,1.4546446765954548,0.8440216907546104,0.5350317792422171,5.887559711532329,1.8752804999967336,OK,True,34.0,0.0551553088234333,AA_alternating_v1,53.182363144295934,0.849,,0.2393111035569189,1.567844361635091,resultados\experimentos\AA_AEC2BA1CCD_rrlyrae_interpolacion_100_K3,none,False,OK_full
0E50735547,2026-07-04T19:31:38,AA,rrlyrae,interpolacion,100,1000.0,minmax,random,alternating,4,100.0,42,1000,100,49.94850466540982,0.2635377258699994,1.3810796339778102,0.7664673267153564,0.4448445496651513,4.976604695795497,6.072795000000042,OK,True,84.0,0.072295178571429,AA_alternating_v1,49.94850466540982,0.83,,0.1646019434914777,1.6447549103752326,resultados\experimentos\AA_0E50735547_rrlyrae_interpolacion_100_K4,none,False,OK_full
ED20ADC844,2026-07-04T19:31:48,AA,rrlyrae,interpolacion,100,1000.0,minmax,random,alternating,6,100.0,42,1000,100,49.129564921210985,0.2592168454100849,1.3633956596544254,0.7448935659427852,0.4553302222500385,4.679587199878215,2.955937100006849,OK,True,48.0,0.0615820229168093,AA_alternating_v1,49.129564921210985,0.809,,0.12554227901682602,2.3642017986893955,resultados\experimentos\AA_ED20ADC844_rrlyrae_interpolacion_100_K6,none,False,OK_full
1B45B0F11D,2026-07-04T19:32:02,AA,rrlyrae,interpolacion,100,1000.0,minmax,random,alternating,8,100.0,42,1000,100,49.368162193676845,0.2604757295950199,1.3879337102888494,0.7147415296630046,0.5059186562333294,4.539089355962124,6.843682799997623,OK,False,100.0,0.0684368279999762,AA_alternating_v1,49.368162193676845,0.822,,0.0574104708162659,2.8087832523007017,resultados\experimentos\AA_1B45B0F11D_rrlyrae_interpolacion_100_K8,none,False,OK_full
44CA0F54FD,2026-07-04T19:32:14,AA,rrlyrae,interpolacion,100,1000.0,minmax,random,alternating,10,100.0,42,1000,100,50.20172704184849,0.2648737748603161,1.4283881598255868,0.6927630640084212,0.5198818424388114,4.479719793920725,7.277803100005258,OK,False,100.0,0.0727780310000525,AA_alternating_v1,50.20172704184849,0.789,,0.03263528270558698,3.4056049027154716,resultados\experimentos\AA_44CA0F54FD_rrlyrae_interpolacion_100_K10,none,False,OK_full
0382FDFF44,2026-07-04T19:32:21,AA,rrlyrae,interpolacion,100,1000.0,minmax,random,nnls,3,100.0,42,1000,100,52.25088997505444,0.2756855447615715,1.4336863397351562,0.8214006223774453,0.5316290482824928,5.872369934742447,1.1113447999960044,OK,True,19.0,0.058491831578737,AA_alternating_v1,52.25088997505444,0.847,,0.2421568144412151,1.554953531308836,resultados\experimentos\AA_0382FDFF44_rrlyrae_interpolacion_100_K3,none,False,OK_full
B240583B97,2026-07-04T19:32:29,AA,rrlyrae,interpolacion,100,1000.0,minmax,random,nnls,4,100.0,42,1000,100,49.99428784270441,0.2637792865434999,1.3560998812671357,0.8126634782777201,0.4596769263110419,5.917584916516757,2.250684900005581,OK,True,49.0,0.045932344898073,AA_alternating_v1,49.99428784270441,0.862,,0.16600687126051228,1.851711826515298,resultados\experimentos\AA_B240583B97_rrlyrae_interpolacion_100_K4,none,False,OK_full
CB5A7D2211,2026-07-04T19:32:39,AA,rrlyrae,interpolacion,100,1000.0,minmax,random,nnls,6,100.0,42,1000,100,43.457877551555136,0.2292919537390073,1.226363422765295,0.6201772944806587,0.3989174125304141,4.066956550414237,2.497602300005383,OK,True,44.0,0.0567636886364859,AA_alternating_v1,43.457877551555136,0.849,,0.14280450750531487,2.227349135873444,resultados\experimentos\AA_CB5A7D2211_rrlyrae_interpolacion_100_K6,none,False,OK_full
DCFD0409E7,2026-07-04T19:32:47,AA,rrlyrae,interpolacion,100,1000.0,minmax,random,nnls,8,100.0,42,1000,100,41.91398164313551,0.221146067902976,1.1810919673915623,0.601501140268436,0.3739590830957465,4.083877232588196,1.8179583000019195,OK,True,52.0,0.0349607365384984,AA_alternating_v1,41.91398164313551,0.87,,0.12139206595939933,2.439123053108116,resultados\experimentos\AA_DCFD0409E7_rrlyrae_interpolacion_100_K8,none,False,OK_full
CE41FDCF95,2026-07-04T19:32:57,AA,rrlyrae,interpolacion,100,1000.0,minmax,random,nnls,10,100.0,42,1000,100,42.44675041426215,0.22395705636595,1.188098034333127,0.6246196294901587,0.3384645750952135,4.103913531371609,4.050235100003192,OK,False,100.0,0.0405023510000319,AA_alternating_v1,42.44675041426215,0.84,,0.07544764322810121,2.3310276183791006,resultados\experimentos\AA_CE41FDCF95_rrlyrae_interpolacion_100_K10,none,False,OK_full
12DD0BC3B6,2026-07-04T19:33:24,AA,rrlyrae,percentiles,50,1000.0,minmax,random,alternating,3,100.0,42,1000,50,20.76026869189136,0.1534519667418288,0.6182230669529899,0.2208823117562003,0.2132281743422208,1.7467675751568497,1.2643953999941004,OK,True,28.0,0.0451569785712178,AA_alternating_v1,20.76026869189136,0.882,,0.32502185882133794,1.1592563441559485,resultados\experimentos\AA_12DD0BC3B6_rrlyrae_percentiles_50_K3,none,False,OK_full
1A9A1DEF24,2026-07-04T19:33:32,AA,rrlyrae,percentiles,50,1000.0,minmax,random,alternating,4,100.0,42,1000,50,21.26513555795684,0.1571837495376262,0.6265413490809956,0.2442374422361288,0.1859425297578419,1.777042389259302,3.669161300000269,OK,False,100.0,0.0366916130000026,AA_alternating_v1,21.26513555795684,0.849,,0.2579294361265377,1.6839524691341063,resultados\experimentos\AA_1A9A1DEF24_rrlyrae_percentiles_50_K4,none,False,OK_full
FF5E9504C0,2026-07-04T19:33:43,AA,rrlyrae,percentiles,50,1000.0,minmax,random,alternating,6,100.0,42,1000,50,21.801309950158405,0.1611469455935651,0.6458958868244755,0.2410718127988011,0.2521310352438074,1.836556310163961,5.01674359999015,OK,False,100.0,0.0501674359999015,AA_alternating_v1,21.801309950158405,0.879,,0.15294125131457587,1.7175603525683145,resultados\experimentos\AA_FF5E9504C0_rrlyrae_percentiles_50_K6,none,False,OK_full
15F7CD4CD1,2026-07-04T19:33:53,AA,rrlyrae,percentiles,50,1000.0,minmax,random,alternating,8,100.0,42,1000,50,23.375626562843927,0.1727836919226377,0.6963436347607403,0.2480432614156958,0.2949499671548355,1.850064353855088,4.797842799991486,OK,False,100.0,0.0479784279999148,AA_alternating_v1,23.375626562843927,0.859,,0.08168415109422571,2.5895675317625315,resultados\experimentos\AA_15F7CD4CD1_rrlyrae_percentiles_50_K8,none,False,OK_full
CA87368902,2026-07-04T19:34:06,AA,rrlyrae,percentiles,50,1000.0,minmax,random,alternating,10,100.0,42,1000,50,24.76914049540057,0.1830840139852553,0.7418419589734795,0.2513579694127139,0.2650727396594687,1.915827962682692,6.810159600005136,OK,False,100.0,0.0681015960000513,AA_alternating_v1,24.76914049540057,0.82,,0.04912804355830513,3.245740963809942,resultados\experimentos\AA_CA87368902_rrlyrae_percentiles_50_K10,none,False,OK_full
C532DA2030,2026-07-04T19:34:12,AA,rrlyrae,percentiles,50,1000.0,minmax,random,nnls,3,100.0,42,1000,50,19.432649120687643,0.1436387105981005,0.5741399651867294,0.2190688298757799,0.2049072919530164,1.734984137111966,1.0120390000083717,OK,True,37.0,0.0273524054056316,AA_alternating_v1,19.432649120687643,0.891,,0.34400524737627847,1.1233305996421479,resultados\experimentos\AA_C532DA2030_rrlyrae_percentiles_50_K3,none,False,OK_full
992965CD69,2026-07-04T19:34:19,AA,rrlyrae,percentiles,50,1000.0,minmax,random,nnls,4,100.0,42,1000,50,18.30668281067482,0.1353159982420705,0.5347074269721502,0.2218616755356355,0.1659156850623059,1.7253111052435457,2.476201099998434,OK,True,80.0,0.0309525137499804,AA_alternating_v1,18.30668281067482,0.881,,0.2736996672547854,1.3217608560425127,resultados\experimentos\AA_992965CD69_rrlyrae_percentiles_50_K4,none,False,OK_full
2BE5F899AA,2026-07-04T19:34:27,AA,rrlyrae,percentiles,50,1000.0,minmax,random,nnls,6,100.0,42,1000,50,17.357501011495316,0.1283000093817465,0.5045622313209871,0.216101356054162,0.1529649352522249,1.731182236762742,2.572222499991767,OK,True,66.0,0.0389730681816934,AA_alternating_v1,17.357501011495316,0.881,,0.2511123130165304,1.698702602105775,resultados\experimentos\AA_2BE5F899AA_rrlyrae_percentiles_50_K6,none,False,OK_full
4694C3F4EC,2026-07-04T19:34:36,AA,rrlyrae,percentiles,50,1000.0,minmax,random,nnls,8,100.0,42,1000,50,16.657793910685037,0.1231280420842087,0.4799478938396089,0.2170993255857302,0.1306015172727643,1.700528387087653,2.0530731000035303,OK,True,48.0,0.0427723562500735,AA_alternating_v1,16.657793910685037,0.917,,0.21857025922551612,1.6524670480030945,resultados\experimentos\AA_4694C3F4EC_rrlyrae_percentiles_50_K8,none,False,OK_full
13B6159A6E,2026-07-04T19:34:47,AA,rrlyrae,percentiles,50,1000.0,minmax,random,nnls,10,100.0,42,1000,50,16.12641895255822,0.1192003216094845,0.4606619937851554,0.2187508073478003,0.1191590335917861,1.663849939770124,3.006652700001723,OK,True,87.0,0.0345592264368014,AA_alternating_v1,16.12641895255822,0.91,,0.16825092499711128,1.744974819276723,resultados\experimentos\AA_13B6159A6E_rrlyrae_percentiles_50_K10,none,False,OK_full
DD90FF2C11,2026-07-04T19:35:14,AA,rrlyrae,percentiles,100,1000.0,minmax,random,alternating,3,100.0,42,1000,100,32.70835090330933,0.1755044239216776,0.9756174945599264,0.3435210664902925,0.3838135020725213,2.623179462269964,1.6802119000058156,OK,True,39.0,0.0430823564104055,AA_alternating_v1,32.70835090330933,0.885,,0.2589599399677051,1.3902959632681018,resultados\experimentos\AA_DD90FF2C11_rrlyrae_percentiles_100_K3,none,False,OK_full
DCE2B2FA5E,2026-07-04T19:35:23,AA,rrlyrae,percentiles,100,1000.0,minmax,random,alternating,4,100.0,42,1000,100,32.29880359961687,0.1733069006097961,0.9577251045720216,0.3549300466840384,0.3132070103787353,2.5792582953933705,1.414786200009985,OK,True,38.0,0.0372312157897364,AA_alternating_v1,32.29880359961687,0.844,,0.22962233380129657,1.8556414003290966,resultados\experimentos\AA_DCE2B2FA5E_rrlyrae_percentiles_100_K4,none,False,OK_full
6FD47D54C3,2026-07-04T19:35:34,AA,rrlyrae,percentiles,100,1000.0,minmax,random,alternating,6,100.0,42,1000,100,33.35598578745157,0.1789794626843768,0.9903915305416968,0.3629688748142826,0.3477439009028732,2.557019876198197,5.832673800003249,OK,False,100.0,0.0583267380000324,AA_alternating_v1,33.35598578745157,0.853,,0.12655971795537757,2.0072217530660605,resultados\experimentos\AA_6FD47D54C3_rrlyrae_percentiles_100_K6,none,False,OK_full
4353D6ACC8,2026-07-04T19:35:51,AA,rrlyrae,percentiles,100,1000.0,minmax,random,alternating,8,100.0,42,1000,100,34.99196400688555,0.18775769231139,1.0446990124451303,0.364748568818773,0.4192321711900669,2.5943957024421214,7.826148499996634,OK,False,100.0,0.0782614849999663,AA_alternating_v1,34.99196400688555,0.822,,0.08202832250191379,3.3498755706193193,resultados\experimentos\AA_4353D6ACC8_rrlyrae_percentiles_100_K8,none,False,OK_full
62E644FCFE,2026-07-04T19:36:02,AA,rrlyrae,percentiles,100,1000.0,minmax,random,alternating,10,100.0,42,1000,100,36.05765297853532,0.1934758995546097,1.0793645114310475,0.3675956879285885,0.4493587720337668,2.623018745194807,6.461370599994552,OK,False,100.0,0.0646137059999455,AA_alternating_v1,36.05765297853532,0.83,,0.04054316419644238,4.017191948300558,resultados\experimentos\AA_62E644FCFE_rrlyrae_percentiles_100_K10,none,False,OK_full
952CFD05CE,2026-07-04T19:36:10,AA,rrlyrae,percentiles,100,1000.0,minmax,random,nnls,3,100.0,42,1000,100,31.163811676053804,0.16721683192093,0.9212602341662424,0.3499467661295183,0.3353720627370188,2.5876508846004374,1.427361199996085,OK,True,37.0,0.0385773297296239,AA_alternating_v1,31.163811676053804,0.895,,0.27124132339558193,1.3628961300748281,resultados\experimentos\AA_952CFD05CE_rrlyrae_percentiles_100_K3,none,False,OK_full
E5B94732CF,2026-07-04T19:36:18,AA,rrlyrae,percentiles,100,1000.0,minmax,random,nnls,4,100.0,42,1000,100,30.04222347522836,0.1611986840893527,0.886324673786637,0.3419996549304888,0.2815510434194208,2.530696810822204,1.8317392000026305,OK,True,42.0,0.0436128380953007,AA_alternating_v1,30.04222347522836,0.895,,0.273546855110789,1.7327474269059184,resultados\experimentos\AA_E5B94732CF_rrlyrae_percentiles_100_K4,none,False,OK_full
6AB844BEA5,2026-07-04T19:36:29,AA,rrlyrae,percentiles,100,1000.0,minmax,random,nnls,6,100.0,42,1000,100,28.215444027301167,0.1513966651618871,0.8219019147939323,0.3472585839339795,0.2441336947016588,2.440685212170276,3.0641400999884354,OK,True,69.0,0.0444078275360642,AA_alternating_v1,28.215444027301167,0.873,,0.209313559031443,1.8626309483241668,resultados\experimentos\AA_6AB844BEA5_rrlyrae_percentiles_100_K6,none,False,OK_full
E79FB8B8A9,2026-07-04T19:36:37,AA,rrlyrae,percentiles,100,1000.0,minmax,random,nnls,8,100.0,42,1000,100,27.318962367395745,0.1465863799309637,0.7898431981115546,0.3499620368384213,0.208970884644999,2.402531250244474,2.029420500010019,OK,True,46.0,0.0441178369567395,AA_alternating_v1,27.318962367395745,0.904,,0.15919229241112542,2.1317109101693257,resultados\experimentos\AA_E79FB8B8A9_rrlyrae_percentiles_100_K8,none,False,OK_full
96431B1718,2026-07-04T19:36:49,AA,rrlyrae,percentiles,100,1000.0,minmax,random,nnls,10,100.0,42,1000,100,27.96034142642504,0.1500278515784681,0.8130345149466154,0.3474990218515473,0.2287198470446629,2.4541284651997866,4.10545390000334,OK,False,100.0,0.0410545390000334,AA_alternating_v1,27.96034142642504,0.879,,0.18057464405632068,2.6042175145053843,resultados\experimentos\AA_96431B1718_rrlyrae_percentiles_100_K10,none,False,OK_full
A5921DB217,2026-07-04T21:07:16,AA,rrlyrae,interpolacion,50,200.0,zscore,pca,robust_pgd,4,100.0,42,200,50,35.36762814380165,0.3690200982337911,2.2690128504496667,1.0516302996231282,0.3347284913650729,6.601342126992247,39.2191421000025,OK,False,100.0,0.392191421000025,AA_alternating_v1,35.36762814380165,0.865,,0.35698367711104906,1.2298383518405864,resultados\experimentos\AA_A5921DB217_rrlyrae_interpolacion_50_K4,savgol,False,OK_full
7E3B509073,2026-07-04T21:46:28,AA,rrlyrae,interpolacion,50,1000.0,zscore,random,robust_pgd,3,100.0,42,1000,50,130.75871765020082,0.6104807204509461,3.877188039881511,1.4370995598512666,2.058610966168299,9.589780756379028,111.11860380000144,OK,False,100.0,1.1111860380000145,AA_alternating_v1,130.75871765020082,0.759,,0.08014342881985925,2.584712476551055,resultados\experimentos\AA_7E3B509073_rrlyrae_interpolacion_50_K3,savgol,False,OK_full
A224BC5787,2026-07-04T21:48:21,AA,rrlyrae,interpolacion,50,1000.0,zscore,random,robust_pgd,4,100.0,42,1000,50,130.46335224597664,0.6091017310572949,3.869719597652345,1.4303693630678571,2.067488661745591,9.589780756379028,100.7919447000022,OK,False,100.0,1.007919447000022,AA_alternating_v1,130.46335224597664,0.706,,0.0921349139659064,2.1471344593978703,resultados\experimentos\AA_A224BC5787_rrlyrae_interpolacion_50_K4,savgol,False,OK_full
A8340928F6,2026-07-04T21:49:50,AA,rrlyrae,interpolacion,50,1000.0,zscore,random,robust_pgd,6,100.0,42,1000,50,130.18551695963086,0.6078045855298448,3.860486473213549,1.430004551105186,2.059422154783224,9.589780756379028,82.3007620999997,OK,False,100.0,0.823007620999997,AA_alternating_v1,130.18551695963086,0.773,,0.09021511673407454,2.0492733197939215,resultados\experimentos\AA_A8340928F6_rrlyrae_interpolacion_50_K6,savgol,False,OK_full
8B591E7475,2026-07-04T21:51:11,AA,rrlyrae,interpolacion,50,1000.0,zscore,random,robust_pgd,8,100.0,42,1000,50,130.09802798776707,0.6073961207518573,3.856698001517485,1.432263038480314,2.061222329659782,9.589780756379028,73.33987490000436,OK,False,100.0,0.7333987490000436,AA_alternating_v1,130.09802798776707,0.807,,0.026892257401914196,2.359945860575745,resultados\experimentos\AA_8B591E7475_rrlyrae_interpolacion_50_K8,savgol,False,OK_full
93D0C5A461,2026-07-04T21:52:39,AA,rrlyrae,interpolacion,50,1000.0,zscore,random,robust_pgd,10,100.0,42,1000,50,54.95245965338475,0.2565596983712722,1.5748586903469022,0.7345698927915016,0.2026520354994317,4.498567646488116,82.48718290000397,OK,False,100.0,0.8248718290000397,AA_alternating_v1,54.95245965338475,0.85,,0.1560179357825911,1.5914049845693017,resultados\experimentos\AA_93D0C5A461_rrlyrae_interpolacion_50_K10,savgol,False,OK_full
67C8AE7841,2026-07-04T21:53:39,AA,rrlyrae,interpolacion,50,1000.0,zscore,pca,robust_pgd,3,100.0,42,1000,50,104.97555092855406,0.4901053720336806,3.080727776264496,1.2365203845088295,2.9013279335973547e-12,7.793770471237261,24.948223600003985,OK,True,27.0,0.9240082814816292,AA_alternating_v1,104.97555092855406,0.842,,0.33399976838336076,1.362618288163661,resultados\experimentos\AA_67C8AE7841_rrlyrae_interpolacion_50_K3,savgol,False,OK_full
2ECEE51D13,2026-07-04T21:55:14,AA,rrlyrae,interpolacion,50,1000.0,zscore,pca,robust_pgd,4,100.0,42,1000,50,119.903300259655,0.5597994110249511,3.3535847938154704,1.7692570315945155,0.3792909412671003,7.110895652410062,87.56760309998936,OK,False,100.0,0.8756760309998936,AA_alternating_v1,119.903300259655,0.756,,0.11456731806031337,1.8143144408236027,resultados\experimentos\AA_2ECEE51D13_rrlyrae_interpolacion_50_K4,savgol,False,OK_full
B10EE10BCE,2026-07-04T21:56:13,AA,rrlyrae,interpolacion,50,1000.0,zscore,pca,robust_pgd,6,100.0,42,1000,50,112.18887552642758,0.5237826340663095,3.45959379558357,0.7858463981236576,0.0559152737013723,5.942277603433191,52.492596299998695,OK,True,74.0,0.7093594094594419,AA_alternating_v1,112.18887552642758,0.838,,0.31273691702265005,1.3237589711157591,resultados\experimentos\AA_B10EE10BCE_rrlyrae_interpolacion_50_K6,savgol,False,OK_full
AE193C10F6,2026-07-04T21:57:47,AA,rrlyrae,interpolacion,50,1000.0,zscore,pca,robust_pgd,8,100.0,42,1000,50,57.0364660951543,0.2662894187054784,1.65777542950209,0.7105906627326645,0.2310548061195597,4.440473481133047,88.34908220000216,OK,False,100.0,0.8834908220000216,AA_alternating_v1,57.0364660951543,0.86,,0.2134239778810002,1.4920786936555297,resultados\experimentos\AA_AE193C10F6_rrlyrae_interpolacion_50_K8,savgol,False,OK_full
17F3E583C7,2026-07-04T21:59:22,AA,rrlyrae,interpolacion,50,1000.0,zscore,pca,robust_pgd,10,100.0,42,1000,50,55.39868462318292,0.2586430144662979,1.5928421457517348,0.7292929155667791,0.3279137558786252,4.4500002244860495,87.81581970000116,OK,False,100.0,0.8781581970000115,AA_alternating_v1,55.39868462318292,0.853,,0.15423969314224384,1.6868388161244734,resultados\experimentos\AA_17F3E583C7_rrlyrae_interpolacion_50_K10,savgol,False,OK_full
75CE0E8EAC,2026-07-04T22:00:10,AA,rrlyrae,interpolacion,50,1000.0,zscore,furthest_sum,robust_pgd,3,100.0,42,1000,50,126.64720582301403,0.591285069503082,3.7650749732688658,1.3651832069144876,1.0034321974730764e-15,6.602581751251528,24.67407410001033,OK,True,26.0,0.9490028500003972,AA_alternating_v1,126.64720582301403,0.69,,0.2947596288312402,1.7552863893510224,resultados\experimentos\AA_75CE0E8EAC_rrlyrae_interpolacion_50_K3,savgol,False,OK_full
974B35B872,2026-07-04T22:00:38,AA,rrlyrae,interpolacion,50,1000.0,zscore,furthest_sum,robust_pgd,4,100.0,42,1000,50,121.85880971528135,0.5689292101142402,3.609781358527549,1.3487208936070307,2.1899878754275737e-08,6.46561351534173,21.131541499999003,OK,True,26.0,0.8127515961538078,AA_alternating_v1,121.85880971528135,0.689,,0.26846535900632057,1.3990419311585827,resultados\experimentos\AA_974B35B872_rrlyrae_interpolacion_50_K4,savgol,False,OK_full
0B0764A136,2026-07-04T22:01:55,AA,rrlyrae,interpolacion,50,1000.0,zscore,furthest_sum,robust_pgd,6,100.0,42,1000,50,65.01756160582441,0.3035512168088817,1.9255096266820728,0.7208994345412105,0.3652216923588932,4.923429013272782,71.41807670000708,OK,False,100.0,0.7141807670000708,AA_alternating_v1,65.01756160582441,0.858,,0.36902852969125066,0.9701175034626989,resultados\experimentos\AA_0B0764A136_rrlyrae_interpolacion_50_K6,savgol,False,OK_full
94F4D1EF0F,2026-07-04T22:03:32,AA,rrlyrae,interpolacion,50,1000.0,zscore,furthest_sum,robust_pgd,8,100.0,42,1000,50,56.87618946657888,0.2655411260222638,1.645230972473933,0.7267158835821981,0.1797733462343567,4.540774130519393,92.03393089999736,OK,False,100.0,0.9203393089999736,AA_alternating_v1,56.87618946657888,0.854,,0.20542720096443345,1.388909494609386,resultados\experimentos\AA_94F4D1EF0F_rrlyrae_interpolacion_50_K8,savgol,False,OK_full
C5CD6B2D56,2026-07-04T22:05:02,AA,rrlyrae,interpolacion,50,1000.0,zscore,furthest_sum,robust_pgd,10,100.0,42,1000,50,55.860909203168205,0.2608010288585347,1.6154760052092825,0.7146176975122164,0.2171180337077689,4.520251752873515,83.46653539998806,OK,False,100.0,0.8346653539998806,AA_alternating_v1,55.860909203168205,0.867,,0.2405964246212929,1.3216031880726686,resultados\experimentos\AA_C5CD6B2D56_rrlyrae_interpolacion_50_K10,savgol,False,OK_full
4D0E74FDF2,2026-07-04T22:06:58,AA,rrlyrae,interpolacion,100,1000.0,zscore,random,robust_pgd,3,100.0,42,1000,100,178.31261631076217,0.5876588617341633,5.31702765184602,1.8773934284251328,2.723674799560394,13.211317291935854,89.34730819999822,OK,False,100.0,0.8934730819999822,AA_alternating_v1,178.31261631076217,0.809,,0.10629020871638342,2.2227870082736736,resultados\experimentos\AA_4D0E74FDF2_rrlyrae_interpolacion_100_K3,savgol,False,OK_full
11E6C6F669,2026-07-04T22:08:29,AA,rrlyrae,interpolacion,100,1000.0,zscore,random,robust_pgd,4,100.0,42,1000,100,177.91719472432555,0.5863556841789337,5.307562265359235,1.866630916359288,2.7241433254924865,13.211317291935854,83.90725570000359,OK,False,100.0,0.8390725570000359,AA_alternating_v1,177.91719472432555,0.751,,0.10482900769867881,2.120535879206836,resultados\experimentos\AA_11E6C6F669_rrlyrae_interpolacion_100_K4,savgol,False,OK_full
121E19A161,2026-07-04T22:09:57,AA,rrlyrae,interpolacion,100,1000.0,zscore,random,robust_pgd,6,100.0,42,1000,100,177.59236181511469,0.5852851433409934,5.296945946816511,1.865853855899421,2.7229584975995413,13.211317291935854,82.40449509999598,OK,False,100.0,0.8240449509999599,AA_alternating_v1,177.59236181511469,0.804,,0.09775436697732677,1.9443762887612854,resultados\experimentos\AA_121E19A161_rrlyrae_interpolacion_100_K6,savgol,False,OK_full
43F0825092,2026-07-04T22:11:19,AA,rrlyrae,interpolacion,100,1000.0,zscore,random,robust_pgd,8,100.0,42,1000,100,177.49064679554297,0.5849499245894575,5.292661779854917,1.868331069153204,2.7204071963171423,13.211317291935854,76.89006350000273,OK,False,100.0,0.7689006350000273,AA_alternating_v1,177.49064679554297,0.81,,0.037181074186111426,2.271271055656957,resultados\experimentos\AA_43F0825092_rrlyrae_interpolacion_100_K8,savgol,False,OK_full
73E569F2AF,2026-07-04T22:12:54,AA,rrlyrae,interpolacion,100,1000.0,zscore,random,robust_pgd,10,100.0,42,1000,100,176.90272003702935,0.5830123142462329,5.275324237329329,1.8615924762270888,2.7189266051462133,13.211317291935854,88.58546600000409,OK,False,100.0,0.8858546600000409,AA_alternating_v1,176.90272003702935,0.872,,0.05365086804381921,2.2451247832015016,resultados\experimentos\AA_73E569F2AF_rrlyrae_interpolacion_100_K10,savgol,False,OK_full
7FD3B2AA37,2026-07-04T22:13:20,AA,rrlyrae,interpolacion,100,1000.0,zscore,pca,robust_pgd,3,100.0,42,1000,100,146.3361307362758,0.4822750391884145,4.236018932319337,1.8629027789706427,7.060480382920172e-06,11.594184313210748,21.147660999995423,OK,True,22.0,0.9612573181816102,AA_alternating_v1,146.3361307362758,0.862,,0.3497214578655994,1.2470086096044355,resultados\experimentos\AA_7FD3B2AA37_rrlyrae_interpolacion_100_K3,savgol,False,OK_full
D57F5EAD89,2026-07-04T22:14:50,AA,rrlyrae,interpolacion,100,1000.0,zscore,pca,robust_pgd,4,100.0,42,1000,100,169.71186780807287,0.559313665641344,4.753504614077456,2.491247069009641,0.5117750117285731,10.7077225468881,83.56908500001009,OK,False,100.0,0.8356908500001009,AA_alternating_v1,169.71186780807287,0.804,,0.15415200006860647,1.8744072367289752,resultados\experimentos\AA_D57F5EAD89_rrlyrae_interpolacion_100_K4,savgol,False,OK_full
D836880BA0,2026-07-04T22:15:37,AA,rrlyrae,interpolacion,100,1000.0,zscore,pca,robust_pgd,6,100.0,42,1000,100,93.68762309536096,0.3087631323340982,2.6918516296255186,1.2374593024988152,0.4004972119699593,8.546732511152538,40.88450740001281,OK,True,48.0,0.8517605708336001,AA_alternating_v1,93.68762309536096,0.867,,0.24602558694477902,1.2744600247691653,resultados\experimentos\AA_D836880BA0_rrlyrae_interpolacion_100_K6,savgol,False,OK_full
797C0C17CF,2026-07-04T22:16:43,AA,rrlyrae,interpolacion,100,1000.0,zscore,pca,robust_pgd,8,100.0,42,1000,100,86.01160094540634,0.2834655256216992,2.504649427687803,1.0605313486997854,0.281483119386987,6.269660326849992,62.27383059999556,OK,True,93.0,0.6696110817203824,AA_alternating_v1,86.01160094540634,0.869,,0.2531644316326698,1.2034205693068656,resultados\experimentos\AA_797C0C17CF_rrlyrae_interpolacion_100_K8,savgol,False,OK_full
31CC3FBF34,2026-07-04T22:17:56,AA,rrlyrae,interpolacion,100,1000.0,zscore,pca,robust_pgd,10,100.0,42,1000,100,81.1512236623507,0.2674473445145294,2.331064297018032,1.073154390134383,0.3050727869056003,6.144417538505103,68.36962389999826,OK,False,100.0,0.6836962389999826,AA_alternating_v1,81.1512236623507,0.873,,0.14321707578174198,1.6389348586623425,resultados\experimentos\AA_31CC3FBF34_rrlyrae_interpolacion_100_K10,savgol,False,OK_full
3C26F0D4D3,2026-07-04T22:18:21,AA,rrlyrae,interpolacion,100,1000.0,zscore,furthest_sum,robust_pgd,3,100.0,42,1000,100,176.01142002984332,0.5800748869428628,5.167096813118417,2.069089293574211,8.853996163236012e-17,9.344606489249312,20.19378090000828,OK,True,23.0,0.8779904739134033,AA_alternating_v1,176.01142002984332,0.695,,0.3016695656252331,1.8717362187816284,resultados\experimentos\AA_3C26F0D4D3_rrlyrae_interpolacion_100_K3,savgol,False,OK_full
DC234BC04B,2026-07-04T22:18:43,AA,rrlyrae,interpolacion,100,1000.0,zscore,furthest_sum,robust_pgd,4,100.0,42,1000,100,170.2441908987063,0.5610680248560127,4.985621961611471,2.031417778462264,1.8388580558268955e-08,9.164315888651643,17.24029239999072,OK,True,23.0,0.7495779304343791,AA_alternating_v1,170.2441908987063,0.692,,0.2778863979789039,1.4825108598098766,resultados\experimentos\AA_DC234BC04B_rrlyrae_interpolacion_100_K4,savgol,False,OK_full
CBD1F43C3E,2026-07-04T22:20:07,AA,rrlyrae,interpolacion,100,1000.0,zscore,furthest_sum,robust_pgd,6,100.0,42,1000,100,115.37432136305068,0.3802352506981289,3.4879794224613883,1.0701558664374131,1.8559095022266845e-15,6.277181142951486,79.47181779998937,OK,False,100.0,0.7947181779998936,AA_alternating_v1,115.37432136305068,0.88,,0.3792947977289159,0.8778603905515109,resultados\experimentos\AA_CBD1F43C3E_rrlyrae_interpolacion_100_K6,savgol,False,OK_full
826034E99D,2026-07-04T22:22:38,AA,rrlyrae,interpolacion,100,1000.0,zscore,furthest_sum,robust_pgd,8,100.0,42,1000,100,112.54566529173708,0.370912944506353,3.385114985543347,1.0988736554352254,1.5731487786943878e-15,6.262449438507864,141.5945098999946,OK,False,100.0,1.4159450989999458,AA_alternating_v1,112.54566529173708,0.879,,0.3116698622410719,1.0164580077623522,resultados\experimentos\AA_826034E99D_rrlyrae_interpolacion_100_K8,savgol,False,OK_full
5FC93DA648,2026-07-04T22:24:22,AA,rrlyrae,interpolacion,100,1000.0,zscore,furthest_sum,robust_pgd,10,100.0,42,1000,100,111.5877415495233,0.367755947611661,3.3521949327540934,1.102094912855055,1.6353737552164454e-15,6.262449438507864,95.08707299998788,OK,False,100.0,0.9508707299998786,AA_alternating_v1,111.5877415495233,0.881,,0.2903067451859969,1.3519363689814012,resultados\experimentos\AA_5FC93DA648_rrlyrae_interpolacion_100_K10,savgol,False,OK_full
B49A28D815,2026-07-04T22:26:00,AA,rrlyrae,percentiles,50,1000.0,zscore,random,robust_pgd,3,100.0,42,1000,50,98.00719868491409,0.4433145657182829,2.954176430908673,0.9371513266959188,1.145406033529923,6.786846981003358,72.43043760000728,OK,False,100.0,0.7243043760000728,AA_alternating_v1,98.00719868491409,0.874,,0.3405297117685515,1.1093923698616948,resultados\experimentos\AA_B49A28D815_rrlyrae_percentiles_50_K3,savgol,False,OK_full
3738C03D51,2026-07-04T22:27:31,AA,rrlyrae,percentiles,50,1000.0,zscore,random,robust_pgd,4,100.0,42,1000,50,97.96736037155549,0.4431343656429569,2.953103850123852,0.9363660334259778,1.1417549923404973,6.7802186064593695,85.35222010000143,OK,False,100.0,0.8535222010000143,AA_alternating_v1,97.96736037155549,0.875,,0.23723639347578115,2.9892013533707895,resultados\experimentos\AA_3738C03D51_rrlyrae_percentiles_50_K4,savgol,False,OK_full
DC72B00BFA,2026-07-04T22:29:03,AA,rrlyrae,percentiles,50,1000.0,zscore,random,robust_pgd,6,100.0,42,1000,50,97.59176366539276,0.4414354344122719,2.9431362266440857,0.9284942039329536,1.1380907356320806,6.76612163294207,86.36070689999906,OK,False,100.0,0.8636070689999906,AA_alternating_v1,97.59176366539276,0.884,,0.285089059792086,2.286606913275893,resultados\experimentos\AA_DC72B00BFA_rrlyrae_percentiles_50_K6,savgol,False,OK_full
869EB575F1,2026-07-04T22:30:29,AA,rrlyrae,percentiles,50,1000.0,zscore,random,robust_pgd,8,100.0,42,1000,50,97.5729877896007,0.4413505057607604,2.9425601449410204,0.9283467776613712,1.136835294010598,6.764896698393796,79.11727899999823,OK,False,100.0,0.7911727899999823,AA_alternating_v1,97.5729877896007,0.881,,0.15339322433435282,2.4837527107409265,resultados\experimentos\AA_869EB575F1_rrlyrae_percentiles_50_K8,savgol,False,OK_full
FF68520B66,2026-07-04T22:31:38,AA,rrlyrae,percentiles,50,1000.0,zscore,random,robust_pgd,10,100.0,42,1000,50,96.78587925336632,0.4377901889310171,2.922124528731601,0.9103266784140336,1.135186494008471,6.72286879629204,64.49692009999126,OK,False,100.0,0.6449692009999126,AA_alternating_v1,96.78587925336632,0.868,,0.22906905492621737,2.059479701653927,resultados\experimentos\AA_FF68520B66_rrlyrae_percentiles_50_K10,savgol,False,OK_full
A5FE0B47A5,2026-07-04T22:32:20,AA,rrlyrae,percentiles,50,1000.0,zscore,pca,robust_pgd,3,100.0,42,1000,50,39.68729303435344,0.1795169672446398,1.1332403393224049,0.5393028478759213,0.1595672123790864,4.182081710145535,36.8374565999984,OK,True,44.0,0.8372149227272364,AA_alternating_v1,39.68729303435344,0.888,,0.4262966448985387,0.9378267095145877,resultados\experimentos\AA_A5FE0B47A5_rrlyrae_percentiles_50_K3,savgol,False,OK_full
04ED5E1065,2026-07-04T22:33:28,AA,rrlyrae,percentiles,50,1000.0,zscore,pca,robust_pgd,4,100.0,42,1000,50,35.46585927948316,0.1604222160747252,0.9931077582597344,0.5211181774956873,0.1417137061149848,4.025011390774516,62.47133060000488,OK,False,100.0,0.6247133060000487,AA_alternating_v1,35.46585927948316,0.873,,0.3245029921307651,1.112252700680549,resultados\experimentos\AA_04ED5E1065_rrlyrae_percentiles_50_K4,savgol,False,OK_full
68A6704FB5,2026-07-04T22:34:53,AA,rrlyrae,percentiles,50,1000.0,zscore,pca,robust_pgd,6,100.0,42,1000,50,32.79886106558071,0.1483586210446431,0.8883403309224269,0.5353659903803182,0.1515382048075778,3.890092974450692,79.65547910000896,OK,False,100.0,0.7965547910000896,AA_alternating_v1,32.79886106558071,0.907,,0.21214373621759228,1.3503137860810226,resultados\experimentos\AA_68A6704FB5_rrlyrae_percentiles_50_K6,savgol,False,OK_full
858C6A101F,2026-07-04T22:36:19,AA,rrlyrae,percentiles,50,1000.0,zscore,pca,robust_pgd,8,100.0,42,1000,50,31.71688675122269,0.1434645420410178,0.8552410713351535,0.5239500120158261,0.1731130540885605,3.722018211146601,79.9414012000052,OK,False,100.0,0.799414012000052,AA_alternating_v1,31.71688675122269,0.913,,0.15821213632891248,1.9466800776624211,resultados\experimentos\AA_858C6A101F_rrlyrae_percentiles_50_K8,savgol,False,OK_full
094A37D07F,2026-07-04T22:37:47,AA,rrlyrae,percentiles,50,1000.0,zscore,pca,robust_pgd,10,100.0,42,1000,50,30.92418769277929,0.1398789376818024,0.8298513401851609,0.5173510777519792,0.1252063284195326,3.5731504773943223,81.12926050000533,OK,False,100.0,0.8112926050000533,AA_alternating_v1,30.92418769277929,0.913,,0.15670301481867896,1.903066164812519,resultados\experimentos\AA_094A37D07F_rrlyrae_percentiles_50_K10,savgol,False,OK_full
D9CDFAB48F,2026-07-04T22:39:10,AA,rrlyrae,percentiles,50,1000.0,zscore,furthest_sum,robust_pgd,3,100.0,42,1000,50,125.85233786470064,0.5692660871217032,3.1597741092474387,2.4196360314188405,0.2506617544248021,9.055882075986618,76.00966750000953,OK,False,100.0,0.7600966750000953,AA_alternating_v1,125.85233786470064,0.685,,0.22236961183038959,1.8607513088127732,resultados\experimentos\AA_D9CDFAB48F_rrlyrae_percentiles_50_K3,savgol,False,OK_full
B7522AB659,2026-07-04T22:40:35,AA,rrlyrae,percentiles,50,1000.0,zscore,furthest_sum,robust_pgd,4,100.0,42,1000,50,35.459185006588,0.1603920264312122,0.9926829102098828,0.5214733369105966,0.1469934014116184,4.027368312653608,79.72540769999614,OK,False,100.0,0.7972540769999614,AA_alternating_v1,35.459185006588,0.87,,0.32282121571062294,1.1111531411124687,resultados\experimentos\AA_B7522AB659_rrlyrae_percentiles_50_K4,savgol,False,OK_full
E7EEDD570A,2026-07-04T22:41:45,AA,rrlyrae,percentiles,50,1000.0,zscore,furthest_sum,robust_pgd,6,100.0,42,1000,50,33.13698033729098,0.1498880311299279,0.9050106546079104,0.5282188759597392,0.0899909106906632,3.940447902006624,65.14062159998866,OK,False,100.0,0.6514062159998866,AA_alternating_v1,33.13698033729098,0.9,,0.2294272235335467,1.753725511657158,resultados\experimentos\AA_E7EEDD570A_rrlyrae_percentiles_50_K6,savgol,False,OK_full
D56D2F00B9,2026-07-04T22:43:12,AA,rrlyrae,percentiles,50,1000.0,zscore,furthest_sum,robust_pgd,8,100.0,42,1000,50,31.76242159398672,0.1436705091466575,0.8648273631015959,0.5108082395037239,0.0932616401624287,3.5028112729241285,81.94199419999495,OK,False,100.0,0.8194199419999495,AA_alternating_v1,31.76242159398672,0.911,,0.19726011841740115,1.7364172153849111,resultados\experimentos\AA_D56D2F00B9_rrlyrae_percentiles_50_K8,savgol,False,OK_full
58B4F6DAC6,2026-07-04T22:44:44,AA,rrlyrae,percentiles,50,1000.0,zscore,furthest_sum,robust_pgd,10,100.0,42,1000,50,30.90558710366964,0.1397948019020444,0.8436400352439759,0.4933830207415473,0.0561194233827964,3.498521387540107,85.73203529999591,OK,False,100.0,0.8573203529999591,AA_alternating_v1,30.90558710366964,0.908,,0.13719649666899358,1.8438351226659084,resultados\experimentos\AA_58B4F6DAC6_rrlyrae_percentiles_50_K10,savgol,False,OK_full
A1BA2B3A60,2026-07-04T22:46:21,AA,rrlyrae,percentiles,100,1000.0,zscore,random,robust_pgd,3,100.0,42,1000,100,142.6428841836951,0.4594844431033409,4.318442548188175,1.303091081329723,1.8979173047017173,9.512041147851372,70.87484639999457,OK,False,100.0,0.7087484639999456,AA_alternating_v1,142.6428841836951,0.888,,0.34620119955765283,1.1333466852106728,resultados\experimentos\AA_A1BA2B3A60_rrlyrae_percentiles_100_K3,savgol,False,OK_full
133BD67046,2026-07-04T22:47:47,AA,rrlyrae,percentiles,100,1000.0,zscore,random,robust_pgd,4,100.0,42,1000,100,142.6164665393328,0.4593993459975345,4.317741024718464,1.302524077177761,1.8994242944795927,9.507985710105489,80.3567047999968,OK,False,100.0,0.803567047999968,AA_alternating_v1,142.6164665393328,0.884,,0.2375362116342061,2.6977065283421373,resultados\experimentos\AA_133BD67046_rrlyrae_percentiles_100_K4,savgol,False,OK_full
D257149130,2026-07-04T22:49:10,AA,rrlyrae,percentiles,100,1000.0,zscore,random,robust_pgd,6,100.0,42,1000,100,142.12684762611366,0.4578221746232959,4.304906586513236,1.2914410933261693,1.892878157837171,9.485079430586197,77.06270169999334,OK,False,100.0,0.7706270169999334,AA_alternating_v1,142.12684762611366,0.889,,0.27664913947956365,1.7748533427904534,resultados\experimentos\AA_D257149130_rrlyrae_percentiles_100_K6,savgol,False,OK_full
2228511C11,2026-07-04T22:50:25,AA,rrlyrae,percentiles,100,1000.0,zscore,random,robust_pgd,8,100.0,42,1000,100,142.13656351766025,0.4578534716700577,4.305019508752085,1.29213378482022,1.891095293869571,9.486411024369264,69.18988119999995,OK,False,100.0,0.6918988119999995,AA_alternating_v1,142.13656351766025,0.882,,0.1694654080564378,2.0144462769549465,resultados\experimentos\AA_2228511C11_rrlyrae_percentiles_100_K8,savgol,False,OK_full
6C5343FEF6,2026-07-04T22:51:38,AA,rrlyrae,percentiles,100,1000.0,zscore,random,robust_pgd,10,100.0,42,1000,100,141.08452171200477,0.4544646111183423,4.277535459684872,1.2678851122415145,1.8908322424537016,9.433166817770088,67.61662240000442,OK,False,100.0,0.6761662240000441,AA_alternating_v1,141.08452171200477,0.864,,0.20744703805585557,1.8919765952409922,resultados\experimentos\AA_6C5343FEF6_rrlyrae_percentiles_100_K10,savgol,False,OK_full
E66CE911A5,2026-07-04T22:52:08,AA,rrlyrae,percentiles,100,1000.0,zscore,pca,robust_pgd,3,100.0,42,1000,100,69.32057727108901,0.223296991120776,1.959767948891918,0.9821670019365276,0.3548506594117928,6.50001311359324,25.381100600003265,OK,True,34.0,0.7465029588236254,AA_alternating_v1,69.32057727108901,0.889,,0.3748961409514044,1.0821825011968373,resultados\experimentos\AA_E66CE911A5_rrlyrae_percentiles_100_K3,savgol,False,OK_full
807F68C2DD,2026-07-04T22:53:11,AA,rrlyrae,percentiles,100,1000.0,zscore,pca,robust_pgd,4,100.0,42,1000,100,70.07924151398107,0.2257408173175231,2.028938782929824,0.8913515054669141,0.4078943469310306,6.18525607602543,57.79451439999684,OK,True,91.0,0.6351045538461192,AA_alternating_v1,70.07924151398107,0.88,,0.3544999273766779,1.719230008060924,resultados\experimentos\AA_807F68C2DD_rrlyrae_percentiles_100_K4,savgol,False,OK_full
E926337EBD,2026-07-04T22:54:42,AA,rrlyrae,percentiles,100,1000.0,zscore,pca,robust_pgd,6,100.0,42,1000,100,61.55091562289379,0.1982691835581858,1.6644425182239106,1.0090323669461934,0.2484942856841889,6.241874593343644,85.02222210000036,OK,False,100.0,0.8502222210000037,AA_alternating_v1,61.55091562289379,0.905,,0.1694033984399136,1.6578329939132388,resultados\experimentos\AA_E926337EBD_rrlyrae_percentiles_100_K6,savgol,False,OK_full
475C29A2AB,2026-07-04T22:56:05,AA,rrlyrae,percentiles,100,1000.0,zscore,pca,robust_pgd,8,100.0,42,1000,100,60.15576521742013,0.1937750939246719,1.6323064834389966,0.976878514973275,0.2510739782427042,5.747072546688275,77.74731000000611,OK,False,100.0,0.7774731000000611,AA_alternating_v1,60.15576521742013,0.911,,0.1595458119680839,2.0326729206203513,resultados\experimentos\AA_475C29A2AB_rrlyrae_percentiles_100_K8,savgol,False,OK_full
2C0F08E6F7,2026-07-04T22:57:28,AA,rrlyrae,percentiles,100,1000.0,zscore,pca,robust_pgd,10,100.0,42,1000,100,59.30755207502381,0.1910428108136195,1.6038763719345364,0.9720937797773266,0.1758680776436701,5.590343363815457,77.8632995999942,OK,False,100.0,0.7786329959999421,AA_alternating_v1,59.30755207502381,0.919,,0.09348334073495315,2.339871782640272,resultados\experimentos\AA_2C0F08E6F7_rrlyrae_percentiles_100_K10,savgol,False,OK_full
5364141478,2026-07-04T22:58:36,AA,rrlyrae,percentiles,100,1000.0,zscore,furthest_sum,robust_pgd,3,100.0,42,1000,100,177.56714143065548,0.5719832402480477,4.512884240918418,3.3412520922439524,0.3727303787578995,12.584928492281142,62.52589779999107,OK,True,75.0,0.8336786373332142,AA_alternating_v1,177.56714143065548,0.685,,0.12079545734231562,1.5792188831524638,resultados\experimentos\AA_5364141478_rrlyrae_percentiles_100_K3,savgol,False,OK_full
18CF736C44,2026-07-04T23:00:02,AA,rrlyrae,percentiles,100,1000.0,zscore,furthest_sum,robust_pgd,4,100.0,42,1000,100,177.23185270531312,0.5709032007204933,4.489486023768597,3.3549433461303377,0.3591110161582831,12.562677407912767,80.46076239999093,OK,False,100.0,0.8046076239999093,AA_alternating_v1,177.23185270531312,0.685,,0.10298066541914738,2.1564930967555425,resultados\experimentos\AA_18CF736C44_rrlyrae_percentiles_100_K4,savgol,False,OK_full
CF13F398EC,2026-07-04T23:01:18,AA,rrlyrae,percentiles,100,1000.0,zscore,furthest_sum,robust_pgd,6,100.0,42,1000,100,65.03449771910076,0.2094905759791292,1.80623182474982,0.9833679315681686,0.2875472923301927,6.428960771193576,71.06694750000315,OK,False,100.0,0.7106694750000315,AA_alternating_v1,65.03449771910076,0.909,,0.16378862045621076,2.286283545297956,resultados\experimentos\AA_CF13F398EC_rrlyrae_percentiles_100_K6,savgol,False,OK_full
C9DAC0ED18,2026-07-04T23:02:29,AA,rrlyrae,percentiles,100,1000.0,zscore,furthest_sum,robust_pgd,8,100.0,42,1000,100,59.896263069370825,0.1929391798118655,1.6267266104300693,0.9702179469552046,0.2211149050039088,5.709825755675787,65.63477910000074,OK,False,100.0,0.6563477910000074,AA_alternating_v1,59.896263069370825,0.909,,0.1310018904808544,2.0667593514038103,resultados\experimentos\AA_C9DAC0ED18_rrlyrae_percentiles_100_K8,savgol,False,OK_full
EB77060172,2026-07-04T23:03:55,AA,rrlyrae,percentiles,100,1000.0,zscore,furthest_sum,robust_pgd,10,100.0,42,1000,100,59.56083806767288,0.191858701307872,1.623798528354174,0.9543436334142804,0.1745290176203731,5.709707894908664,80.97811470000306,OK,False,100.0,0.8097811470000306,AA_alternating_v1,59.56083806767288,0.901,,0.1336513061417939,1.8647504899480463,resultados\experimentos\AA_EB77060172_rrlyrae_percentiles_100_K10,savgol,False,OK_full
2ECEE51D13,2026-07-05T00:27:01,AA,rrlyrae,interpolacion,50,1000.0,zscore,pca,robust_pgd,4,100.0,42,1000,50,87.85130093450276,0.4101564044893779,2.6117965406961186,0.9467681373453346,0.0653865503356525,6.319605334658939,93.56491139999709,OK,False,100.0,0.9356491139999707,AA_alternating_v1,87.85130093450276,0.86,,0.3491139954736987,1.139581931125561,resultados\experimentos\AA_2ECEE51D13_rrlyrae_interpolacion_50_K4_new_20260705_002526,savgol,False,OK_full
1C81EFFA74,2026-07-05T18:01:23,AA,rrlyrae,percentiles,50,5000.0,minmax,random,nnls,6,100.0,42,5000,50,38.4263635992372,0.1268771278887814,0.495989022410545,0.2220629945317052,0.1186891899705361,2.456183384979015,7.219783399999869,OK,True,50.0,0.1443956679999974,AA_alternating_v1,38.4263635992372,0.905,,0.2155714355877085,1.5060492438443005,resultados\experimentos\AA_1C81EFFA74_rrlyrae_percentiles_50_K6,none,False,OK_full
B3A54AF9EE,2026-07-05T18:02:02,AA,rrlyrae,percentiles,50,10000.0,minmax,random,nnls,6,100.0,42,10000,50,54.28005645248699,0.1267379303663554,0.4948910666297568,0.2229692468000441,0.1219739183866115,2.964681941923598,19.02772079999977,OK,True,63.0,0.3020273142857106,AA_alternating_v1,54.28005645248699,0.9122,,0.2163635107989192,1.497712979688071,resultados\experimentos\AA_B3A54AF9EE_rrlyrae_percentiles_50_K6,none,False,OK_full
6A36935464,2026-07-05T18:28:48,AA,rrlyrae,percentiles,50,,minmax,random,nnls,6,100.0,42,101345,50,171.74557806578858,0.125931840247943,0.4927844588947592,0.2195775025564432,0.1047476392519339,3.5209143049888856,154.9341798999999,OK,True,66.0,2.3474875742424226,AA_alternating_v1,171.74557806578858,0.9133257684148207,,0.2245800671228097,1.5044338170290699,resultados\experimento_final,none,True,OK_sample_10000
0A76EB037A,2026-07-05T19:08:38,KMEANS,rrlyrae,percentiles,50,,minmax,kmeans++,kmeans,6,300.0,42,101345,50,176.14964911773026,0.1291611098361315,0.504608738306169,0.2270221064311907,0.0781057419169529,3.622218688948151,7.964432199999464,OK,True,90.0,0.0884936911111051,KMeans_sklearn,176.14964911773026,0.9137500616705313,,0.247553102791009,1.388403436807091,resultados\baselines\kmeans,none,False,OK_sample_10000
9E840A67C6,2026-07-05T19:22:54,ADA,rrlyrae,percentiles,50,,minmax,kmeans++_nearest_observation,ada_nnls_simplex,6,,42,101345,50,166.70127695667233,0.1222331242251502,0.4689299761324715,0.2330445800597933,3.9757941279866914e-08,3.7310025988855946,8.168522699999812,OK,,,,ADA_archetypoids_nnls_simplex,166.70127695667233,0.9133159011298041,,0.22305057845287438,1.5030190690487064,resultados\baselines\ada,none,False,OK_sample_10000
